Название песни;Альбом;Слово;Лемма;Часть речи;Падеж;Число;Время;Лицо;Форма прилагательного
Персидский тигр;Курара, 2006;твой;твой;ADJF;винительный;единственное;-;-;полная
Персидский тигр;Курара, 2006;прадед;прадед;NOUN;именительный;единственное;-;-;-
Персидский тигр;Курара, 2006;был;быть;VERB;-;единственное;прошедшее;-;-
Персидский тигр;Курара, 2006;персидским;персидский;ADJF;творительный;единственное;-;-;полная
Персидский тигр;Курара, 2006;тигром;тигр;NOUN;творительный;единственное;-;-;-
Персидский тигр;Курара, 2006;острый;острый;ADJF;именительный;единственное;-;-;полная
Персидский тигр;Курара, 2006;клык;клык;NOUN;именительный;единственное;-;-;-
Персидский тигр;Курара, 2006;на;на;PREP;-;-;-;-;-
Персидский тигр;Курара, 2006;рёбрах;ребро;NOUN;предложный;множественное;-;-;-
Персидский тигр;Курара, 2006;кровь;кровь;NOUN;именительный;единственное;-;-;-
Персидский тигр;Курара, 2006;рвутся;рваться;VERB;-;множественное;настоящее;3;-
Персидский тигр;Курара, 2006;стропы;строп;NOUN;винительный;множественное;-;-;-
Персидский тигр;Курара, 2006;сердце;сердце;NOUN;винительный;единственное;-;-;-
Персидский тигр;Курара, 2006;топот;топот;NOUN;именительный;единственное;-;-;-
Персидский тигр;Курара, 2006;ты;ты;NPRO;-;-;-;-;-
Персидский тигр;Курара, 2006;кошка;кошка;NOUN;именительный;единственное;-;-;-
Персидский тигр;Курара, 2006;не;не;PRCL;-;-;-;-;-
Персидский тигр;Курара, 2006;надо;надо;PRED;-;-;-;-;-
Персидский тигр;Курара, 2006;слов;слово;NOUN;родительный;множественное;-;-;-
Персидский тигр;Курара, 2006;короли;король;NOUN;именительный;множественное;-;-;-
Персидский тигр;Курара, 2006;курара;курар;NOUN;родительный;единственное;-;-;-
Персидский тигр;Курара, 2006;когда;когда;CONJ;-;-;-;-;-
Персидский тигр;Курара, 2006;был;быть;VERB;-;единственное;прошедшее;-;-
Персидский тигр;Курара, 2006;королём;король;NOUN;творительный;единственное;-;-;-
Персидский тигр;Курара, 2006;когда;когда;CONJ;-;-;-;-;-
Персидский тигр;Курара, 2006;брал;брать;VERB;-;единственное;прошедшее;-;-
Персидский тигр;Курара, 2006;за;за;PREP;-;-;-;-;-
Персидский тигр;Курара, 2006;кадык;кадык;NOUN;именительный;единственное;-;-;-
Персидский тигр;Курара, 2006;высоту;высота;NOUN;винительный;единственное;-;-;-
Персидский тигр;Курара, 2006;когда;когда;CONJ;-;-;-;-;-
Персидский тигр;Курара, 2006;падал;падать;VERB;-;единственное;прошедшее;-;-
Персидский тигр;Курара, 2006;дождём;дождь;NOUN;творительный;единственное;-;-;-
Персидский тигр;Курара, 2006;на;на;PREP;-;-;-;-;-
Персидский тигр;Курара, 2006;заколдованную;заколдованный;ADJF;винительный;единственное;-;-;полная
Персидский тигр;Курара, 2006;богом;бог;NOUN;творительный;единственное;-;-;-
Персидский тигр;Курара, 2006;луну;луна;NOUN;винительный;единственное;-;-;-
Персидский тигр;Курара, 2006;когда;когда;CONJ;-;-;-;-;-
Персидский тигр;Курара, 2006;пил;пить;VERB;-;единственное;прошедшее;-;-
Персидский тигр;Курара, 2006;темноту;темнота;NOUN;винительный;единственное;-;-;-
Персидский тигр;Курара, 2006;спал;спасть;VERB;-;единственное;прошедшее;-;-
Персидский тигр;Курара, 2006;со;с;PREP;-;-;-;-;-
Персидский тигр;Курара, 2006;змеями;змея;NOUN;творительный;множественное;-;-;-
Персидский тигр;Курара, 2006;ел;есть;VERB;-;единственное;прошедшее;-;-
Персидский тигр;Курара, 2006;собаками;собака;NOUN;творительный;множественное;-;-;-
Персидский тигр;Курара, 2006;когда;когда;CONJ;-;-;-;-;-
Персидский тигр;Курара, 2006;падал;падать;VERB;-;единственное;прошедшее;-;-
Персидский тигр;Курара, 2006;траву;трава;NOUN;винительный;единственное;-;-;-
Персидский тигр;Курара, 2006;видел;видеть;VERB;-;единственное;прошедшее;-;-
Персидский тигр;Курара, 2006;джунгли;джунгли;NOUN;именительный;множественное;-;-;-
Персидский тигр;Курара, 2006;когда;когда;CONJ;-;-;-;-;-
Персидский тигр;Курара, 2006;был;быть;VERB;-;единственное;прошедшее;-;-
Персидский тигр;Курара, 2006;королём;король;NOUN;творительный;единственное;-;-;-
Персидский тигр;Курара, 2006;листья;лист;NOUN;именительный;множественное;-;-;-
Персидский тигр;Курара, 2006;землю;земля;NOUN;винительный;единственное;-;-;-
Персидский тигр;Курара, 2006;капли;капля;NOUN;родительный;единственное;-;-;-
Персидский тигр;Курара, 2006;окна;окно;NOUN;родительный;единственное;-;-;-
Персидский тигр;Курара, 2006;губы;губа;NOUN;именительный;множественное;-;-;-
Персидский тигр;Курара, 2006;вены;вена;NOUN;родительный;единственное;-;-;-
Персидский тигр;Курара, 2006;пальцы;палец;NOUN;винительный;множественное;-;-;-
Персидский тигр;Курара, 2006;локон;локон;NOUN;именительный;единственное;-;-;-
Персидский тигр;Курара, 2006;чашку;чашка;NOUN;винительный;единственное;-;-;-
Персидский тигр;Курара, 2006;стену;стена;NOUN;винительный;единственное;-;-;-
Персидский тигр;Курара, 2006;руки;рука;NOUN;винительный;множественное;-;-;-
Персидский тигр;Курара, 2006;небо;небо;NOUN;именительный;единственное;-;-;-
Персидский тигр;Курара, 2006;гнать;гнать;INFN;-;-;-;-;-
Персидский тигр;Курара, 2006;на;на;PREP;-;-;-;-;-
Персидский тигр;Курара, 2006;время;время;NOUN;винительный;единственное;-;-;-
Персидский тигр;Курара, 2006;когда;когда;CONJ;-;-;-;-;-
Персидский тигр;Курара, 2006;был;быть;VERB;-;единственное;прошедшее;-;-
Персидский тигр;Курара, 2006;королём;король;NOUN;творительный;единственное;-;-;-
Персидский тигр;Курара, 2006;мои;мой;ADJF;именительный;множественное;-;-;полная
Персидский тигр;Курара, 2006;слоны;слон;NOUN;именительный;множественное;-;-;-
Персидский тигр;Курара, 2006;целовали;целовать;VERB;-;множественное;прошедшее;-;-
Персидский тигр;Курара, 2006;мне;я;NPRO;-;-;-;-;-
Персидский тигр;Курара, 2006;руки;рука;NOUN;винительный;множественное;-;-;-
Персидский тигр;Курара, 2006;когда;когда;CONJ;-;-;-;-;-
Персидский тигр;Курара, 2006;дрался;драться;VERB;-;единственное;прошедшее;-;-
Персидский тигр;Курара, 2006;огнём;огонь;NOUN;творительный;единственное;-;-;-
Персидский тигр;Курара, 2006;рвал;рвать;VERB;-;единственное;прошедшее;-;-
Персидский тигр;Курара, 2006;тростник;тростник;NOUN;именительный;единственное;-;-;-
Персидский тигр;Курара, 2006;одевался;одеваться;VERB;-;единственное;прошедшее;-;-
Персидский тигр;Курара, 2006;прутья;прут;NOUN;винительный;множественное;-;-;-
Персидский тигр;Курара, 2006;когда;когда;CONJ;-;-;-;-;-
Персидский тигр;Курара, 2006;грыз;грызть;VERB;-;единственное;прошедшее;-;-
Персидский тигр;Курара, 2006;вороньё;вороньё;NOUN;именительный;единственное;-;-;-
Персидский тигр;Курара, 2006;видел;видеть;VERB;-;единственное;прошедшее;-;-
Персидский тигр;Курара, 2006;страх;страх;NOUN;именительный;единственное;-;-;-
Персидский тигр;Курара, 2006;ненавидел;ненавидеть;VERB;-;единственное;прошедшее;-;-
Персидский тигр;Курара, 2006;мир;мир;NOUN;именительный;единственное;-;-;-
Персидский тигр;Курара, 2006;когда;когда;CONJ;-;-;-;-;-
Персидский тигр;Курара, 2006;трогал;трогать;VERB;-;единственное;прошедшее;-;-
Персидский тигр;Курара, 2006;ее;она;NPRO;-;-;-;-;-
Персидский тигр;Курара, 2006;видел;видеть;VERB;-;единственное;прошедшее;-;-
Персидский тигр;Курара, 2006;небо;небо;NOUN;именительный;единственное;-;-;-
Персидский тигр;Курара, 2006;когда;когда;CONJ;-;-;-;-;-
Персидский тигр;Курара, 2006;был;быть;VERB;-;единственное;прошедшее;-;-
Персидский тигр;Курара, 2006;королём;король;NOUN;творительный;единственное;-;-;-
Персидский тигр;Курара, 2006;листья;лист;NOUN;именительный;множественное;-;-;-
Персидский тигр;Курара, 2006;землю;земля;NOUN;винительный;единственное;-;-;-
Персидский тигр;Курара, 2006;капли;капля;NOUN;родительный;единственное;-;-;-
Персидский тигр;Курара, 2006;окна;окно;NOUN;родительный;единственное;-;-;-
Персидский тигр;Курара, 2006;губы;губа;NOUN;именительный;множественное;-;-;-
Персидский тигр;Курара, 2006;вены;вена;NOUN;родительный;единственное;-;-;-
Персидский тигр;Курара, 2006;пальцы;палец;NOUN;винительный;множественное;-;-;-
Персидский тигр;Курара, 2006;локон;локон;NOUN;именительный;единственное;-;-;-
Персидский тигр;Курара, 2006;чашку;чашка;NOUN;винительный;единственное;-;-;-
Персидский тигр;Курара, 2006;стену;стена;NOUN;винительный;единственное;-;-;-
Персидский тигр;Курара, 2006;руки;рука;NOUN;винительный;множественное;-;-;-
Персидский тигр;Курара, 2006;небо;небо;NOUN;именительный;единственное;-;-;-
Персидский тигр;Курара, 2006;гнать;гнать;INFN;-;-;-;-;-
Персидский тигр;Курара, 2006;на;на;PREP;-;-;-;-;-
Персидский тигр;Курара, 2006;время;время;NOUN;винительный;единственное;-;-;-
Персидский тигр;Курара, 2006;листья;лист;NOUN;именительный;множественное;-;-;-
Персидский тигр;Курара, 2006;землю;земля;NOUN;винительный;единственное;-;-;-
Персидский тигр;Курара, 2006;капли;капля;NOUN;родительный;единственное;-;-;-
Персидский тигр;Курара, 2006;окна;окно;NOUN;родительный;единственное;-;-;-
Персидский тигр;Курара, 2006;губы;губа;NOUN;именительный;множественное;-;-;-
Персидский тигр;Курара, 2006;вены;вена;NOUN;родительный;единственное;-;-;-
Персидский тигр;Курара, 2006;пальцы;палец;NOUN;винительный;множественное;-;-;-
Персидский тигр;Курара, 2006;локон;локон;NOUN;именительный;единственное;-;-;-
Персидский тигр;Курара, 2006;чашку;чашка;NOUN;винительный;единственное;-;-;-
Персидский тигр;Курара, 2006;стену;стена;NOUN;винительный;единственное;-;-;-
Персидский тигр;Курара, 2006;руки;рука;NOUN;винительный;множественное;-;-;-
Персидский тигр;Курара, 2006;небо;небо;NOUN;именительный;единственное;-;-;-
Персидский тигр;Курара, 2006;плыть;плыть;INFN;-;-;-;-;-
Персидский тигр;Курара, 2006;по;по;PREP;-;-;-;-;-
Персидский тигр;Курара, 2006;снегу;снег;NOUN;-;единственное;-;-;-
Персидский тигр;Курара, 2006;гнать;гнать;INFN;-;-;-;-;-
Персидский тигр;Курара, 2006;на;на;PREP;-;-;-;-;-
Персидский тигр;Курара, 2006;время;время;NOUN;винительный;единственное;-;-;-
Персидский тигр;Курара, 2006;листья;лист;NOUN;именительный;множественное;-;-;-
Персидский тигр;Курара, 2006;землю;земля;NOUN;винительный;единственное;-;-;-
Персидский тигр;Курара, 2006;капли;капля;NOUN;родительный;единственное;-;-;-
Персидский тигр;Курара, 2006;окна;окно;NOUN;родительный;единственное;-;-;-
Персидский тигр;Курара, 2006;губы;губа;NOUN;именительный;множественное;-;-;-
Персидский тигр;Курара, 2006;вены;вена;NOUN;родительный;единственное;-;-;-
Персидский тигр;Курара, 2006;пальцы;палец;NOUN;винительный;множественное;-;-;-
Персидский тигр;Курара, 2006;локон;локон;NOUN;именительный;единственное;-;-;-
Персидский тигр;Курара, 2006;чашку;чашка;NOUN;винительный;единственное;-;-;-
Персидский тигр;Курара, 2006;стену;стена;NOUN;винительный;единственное;-;-;-
Персидский тигр;Курара, 2006;руки;рука;NOUN;винительный;множественное;-;-;-
Персидский тигр;Курара, 2006;небо;небо;NOUN;именительный;единственное;-;-;-
Персидский тигр;Курара, 2006;плыть;плыть;INFN;-;-;-;-;-
Персидский тигр;Курара, 2006;по;по;PREP;-;-;-;-;-
Персидский тигр;Курара, 2006;снегу;снег;NOUN;-;единственное;-;-;-
Персидский тигр;Курара, 2006;гнать;гнать;INFN;-;-;-;-;-
Персидский тигр;Курара, 2006;на;на;PREP;-;-;-;-;-
Персидский тигр;Курара, 2006;время;время;NOUN;винительный;единственное;-;-;-
Персидский тигр;Курара, 2006;короли;король;NOUN;именительный;множественное;-;-;-
Персидский тигр;Курара, 2006;когда;когда;CONJ;-;-;-;-;-
Персидский тигр;Курара, 2006;был;быть;VERB;-;единственное;прошедшее;-;-
Персидский тигр;Курара, 2006;королём;король;NOUN;творительный;единственное;-;-;-
Персидский тигр;Курара, 2006;когда;когда;CONJ;-;-;-;-;-
Персидский тигр;Курара, 2006;брал;брать;VERB;-;единственное;прошедшее;-;-
Персидский тигр;Курара, 2006;за;за;PREP;-;-;-;-;-
Персидский тигр;Курара, 2006;кадык;кадык;NOUN;именительный;единственное;-;-;-
Персидский тигр;Курара, 2006;высоту;высота;NOUN;винительный;единственное;-;-;-
Персидский тигр;Курара, 2006;когда;когда;CONJ;-;-;-;-;-
Персидский тигр;Курара, 2006;падал;падать;VERB;-;единственное;прошедшее;-;-
Персидский тигр;Курара, 2006;дождём;дождь;NOUN;творительный;единственное;-;-;-
Персидский тигр;Курара, 2006;на;на;PREP;-;-;-;-;-
Персидский тигр;Курара, 2006;заколдованную;заколдованный;ADJF;винительный;единственное;-;-;полная
Персидский тигр;Курара, 2006;богом;бог;NOUN;творительный;единственное;-;-;-
Персидский тигр;Курара, 2006;луну;луна;NOUN;винительный;единственное;-;-;-
Персидский тигр;Курара, 2006;когда;когда;CONJ;-;-;-;-;-
Персидский тигр;Курара, 2006;пил;пить;VERB;-;единственное;прошедшее;-;-
Персидский тигр;Курара, 2006;темноту;темнота;NOUN;винительный;единственное;-;-;-
Персидский тигр;Курара, 2006;спал;спасть;VERB;-;единственное;прошедшее;-;-
Персидский тигр;Курара, 2006;со;с;PREP;-;-;-;-;-
Персидский тигр;Курара, 2006;змеями;змея;NOUN;творительный;множественное;-;-;-
Персидский тигр;Курара, 2006;ел;есть;VERB;-;единственное;прошедшее;-;-
Персидский тигр;Курара, 2006;собаками;собака;NOUN;творительный;множественное;-;-;-
Персидский тигр;Курара, 2006;когда;когда;CONJ;-;-;-;-;-
Персидский тигр;Курара, 2006;падал;падать;VERB;-;единственное;прошедшее;-;-
Персидский тигр;Курара, 2006;траву;трава;NOUN;винительный;единственное;-;-;-
Персидский тигр;Курара, 2006;видел;видеть;VERB;-;единственное;прошедшее;-;-
Персидский тигр;Курара, 2006;джунгли;джунгли;NOUN;именительный;множественное;-;-;-
Персидский тигр;Курара, 2006;когда;когда;CONJ;-;-;-;-;-
Персидский тигр;Курара, 2006;был;быть;VERB;-;единственное;прошедшее;-;-
Персидский тигр;Курара, 2006;королём;король;NOUN;творительный;единственное;-;-;-
Персидский тигр;Курара, 2006;листья;лист;NOUN;именительный;множественное;-;-;-
Персидский тигр;Курара, 2006;землю;земля;NOUN;винительный;единственное;-;-;-
Персидский тигр;Курара, 2006;капли;капля;NOUN;родительный;единственное;-;-;-
Персидский тигр;Курара, 2006;окна;окно;NOUN;родительный;единственное;-;-;-
Персидский тигр;Курара, 2006;губы;губа;NOUN;именительный;множественное;-;-;-
Персидский тигр;Курара, 2006;вены;вена;NOUN;родительный;единственное;-;-;-
Персидский тигр;Курара, 2006;пальцы;палец;NOUN;винительный;множественное;-;-;-
Персидский тигр;Курара, 2006;локон;локон;NOUN;именительный;единственное;-;-;-
Персидский тигр;Курара, 2006;чашку;чашка;NOUN;винительный;единственное;-;-;-
Персидский тигр;Курара, 2006;стену;стена;NOUN;винительный;единственное;-;-;-
Персидский тигр;Курара, 2006;руки;рука;NOUN;винительный;множественное;-;-;-
Персидский тигр;Курара, 2006;небо;небо;NOUN;именительный;единственное;-;-;-
Персидский тигр;Курара, 2006;гнать;гнать;INFN;-;-;-;-;-
Персидский тигр;Курара, 2006;на;на;PREP;-;-;-;-;-
Персидский тигр;Курара, 2006;время;время;NOUN;винительный;единственное;-;-;-
Персидский тигр;Курара, 2006;когда;когда;CONJ;-;-;-;-;-
Персидский тигр;Курара, 2006;был;быть;VERB;-;единственное;прошедшее;-;-
Персидский тигр;Курара, 2006;королём;король;NOUN;творительный;единственное;-;-;-
Персидский тигр;Курара, 2006;мои;мой;ADJF;именительный;множественное;-;-;полная
Персидский тигр;Курара, 2006;слоны;слон;NOUN;именительный;множественное;-;-;-
Персидский тигр;Курара, 2006;целовали;целовать;VERB;-;множественное;прошедшее;-;-
Персидский тигр;Курара, 2006;мне;я;NPRO;-;-;-;-;-
Персидский тигр;Курара, 2006;руки;рука;NOUN;винительный;множественное;-;-;-
Персидский тигр;Курара, 2006;когда;когда;CONJ;-;-;-;-;-
Персидский тигр;Курара, 2006;дрался;драться;VERB;-;единственное;прошедшее;-;-
Персидский тигр;Курара, 2006;огнём;огонь;NOUN;творительный;единственное;-;-;-
Персидский тигр;Курара, 2006;рвал;рвать;VERB;-;единственное;прошедшее;-;-
Персидский тигр;Курара, 2006;тростник;тростник;NOUN;именительный;единственное;-;-;-
Персидский тигр;Курара, 2006;одевался;одеваться;VERB;-;единственное;прошедшее;-;-
Персидский тигр;Курара, 2006;прутья;прут;NOUN;винительный;множественное;-;-;-
Персидский тигр;Курара, 2006;когда;когда;CONJ;-;-;-;-;-
Персидский тигр;Курара, 2006;грыз;грызть;VERB;-;единственное;прошедшее;-;-
Персидский тигр;Курара, 2006;вороньё;вороньё;NOUN;именительный;единственное;-;-;-
Персидский тигр;Курара, 2006;видел;видеть;VERB;-;единственное;прошедшее;-;-
Персидский тигр;Курара, 2006;страх;страх;NOUN;именительный;единственное;-;-;-
Персидский тигр;Курара, 2006;ненавидел;ненавидеть;VERB;-;единственное;прошедшее;-;-
Персидский тигр;Курара, 2006;мир;мир;NOUN;именительный;единственное;-;-;-
Персидский тигр;Курара, 2006;когда;когда;CONJ;-;-;-;-;-
Персидский тигр;Курара, 2006;трогал;трогать;VERB;-;единственное;прошедшее;-;-
Персидский тигр;Курара, 2006;ее;она;NPRO;-;-;-;-;-
Персидский тигр;Курара, 2006;видел;видеть;VERB;-;единственное;прошедшее;-;-
Персидский тигр;Курара, 2006;небо;небо;NOUN;именительный;единственное;-;-;-
Персидский тигр;Курара, 2006;когда;когда;CONJ;-;-;-;-;-
Персидский тигр;Курара, 2006;был;быть;VERB;-;единственное;прошедшее;-;-
Персидский тигр;Курара, 2006;королём;король;NOUN;творительный;единственное;-;-;-
Персидский тигр;Курара, 2006;листья;лист;NOUN;именительный;множественное;-;-;-
Персидский тигр;Курара, 2006;землю;земля;NOUN;винительный;единственное;-;-;-
Персидский тигр;Курара, 2006;капли;капля;NOUN;родительный;единственное;-;-;-
Персидский тигр;Курара, 2006;окна;окно;NOUN;родительный;единственное;-;-;-
Персидский тигр;Курара, 2006;губы;губа;NOUN;именительный;множественное;-;-;-
Персидский тигр;Курара, 2006;вены;вена;NOUN;родительный;единственное;-;-;-
Персидский тигр;Курара, 2006;пальцы;палец;NOUN;винительный;множественное;-;-;-
Персидский тигр;Курара, 2006;локон;локон;NOUN;именительный;единственное;-;-;-
Персидский тигр;Курара, 2006;чашку;чашка;NOUN;винительный;единственное;-;-;-
Персидский тигр;Курара, 2006;стену;стена;NOUN;винительный;единственное;-;-;-
Персидский тигр;Курара, 2006;руки;рука;NOUN;винительный;множественное;-;-;-
Персидский тигр;Курара, 2006;небо;небо;NOUN;именительный;единственное;-;-;-
Персидский тигр;Курара, 2006;гнать;гнать;INFN;-;-;-;-;-
Персидский тигр;Курара, 2006;на;на;PREP;-;-;-;-;-
Персидский тигр;Курара, 2006;время;время;NOUN;винительный;единственное;-;-;-
Персидский тигр;Курара, 2006;листья;лист;NOUN;именительный;множественное;-;-;-
Персидский тигр;Курара, 2006;землю;земля;NOUN;винительный;единственное;-;-;-
Персидский тигр;Курара, 2006;капли;капля;NOUN;родительный;единственное;-;-;-
Персидский тигр;Курара, 2006;окна;окно;NOUN;родительный;единственное;-;-;-
Персидский тигр;Курара, 2006;губы;губа;NOUN;именительный;множественное;-;-;-
Персидский тигр;Курара, 2006;вены;вена;NOUN;родительный;единственное;-;-;-
Персидский тигр;Курара, 2006;пальцы;палец;NOUN;винительный;множественное;-;-;-
Персидский тигр;Курара, 2006;локон;локон;NOUN;именительный;единственное;-;-;-
Персидский тигр;Курара, 2006;чашку;чашка;NOUN;винительный;единственное;-;-;-
Персидский тигр;Курара, 2006;стену;стена;NOUN;винительный;единственное;-;-;-
Персидский тигр;Курара, 2006;руки;рука;NOUN;винительный;множественное;-;-;-
Персидский тигр;Курара, 2006;небо;небо;NOUN;именительный;единственное;-;-;-
Персидский тигр;Курара, 2006;плыть;плыть;INFN;-;-;-;-;-
Персидский тигр;Курара, 2006;по;по;PREP;-;-;-;-;-
Персидский тигр;Курара, 2006;снегу;снег;NOUN;-;единственное;-;-;-
Персидский тигр;Курара, 2006;гнать;гнать;INFN;-;-;-;-;-
Персидский тигр;Курара, 2006;на;на;PREP;-;-;-;-;-
Персидский тигр;Курара, 2006;время;время;NOUN;винительный;единственное;-;-;-
Персидский тигр;Курара, 2006;листья;лист;NOUN;именительный;множественное;-;-;-
Персидский тигр;Курара, 2006;землю;земля;NOUN;винительный;единственное;-;-;-
Персидский тигр;Курара, 2006;капли;капля;NOUN;родительный;единственное;-;-;-
Персидский тигр;Курара, 2006;окна;окно;NOUN;родительный;единственное;-;-;-
Персидский тигр;Курара, 2006;губы;губа;NOUN;именительный;множественное;-;-;-
Персидский тигр;Курара, 2006;вены;вена;NOUN;родительный;единственное;-;-;-
Персидский тигр;Курара, 2006;пальцы;палец;NOUN;винительный;множественное;-;-;-
Персидский тигр;Курара, 2006;локон;локон;NOUN;именительный;единственное;-;-;-
Персидский тигр;Курара, 2006;чашку;чашка;NOUN;винительный;единственное;-;-;-
Персидский тигр;Курара, 2006;стену;стена;NOUN;винительный;единственное;-;-;-
Персидский тигр;Курара, 2006;руки;рука;NOUN;винительный;множественное;-;-;-
Персидский тигр;Курара, 2006;небо;небо;NOUN;именительный;единственное;-;-;-
Персидский тигр;Курара, 2006;плыть;плыть;INFN;-;-;-;-;-
Персидский тигр;Курара, 2006;по;по;PREP;-;-;-;-;-
Персидский тигр;Курара, 2006;снегу;снег;NOUN;-;единственное;-;-;-
Персидский тигр;Курара, 2006;гнать;гнать;INFN;-;-;-;-;-
Персидский тигр;Курара, 2006;на;на;PREP;-;-;-;-;-
Персидский тигр;Курара, 2006;время;время;NOUN;винительный;единственное;-;-;-
Босоногий пёс;Курара, 2006;здесь;здесь;ADVB;-;-;-;-;-
Босоногий пёс;Курара, 2006;здесь;здесь;ADVB;-;-;-;-;-
Босоногий пёс;Курара, 2006;спину;спина;NOUN;винительный;единственное;-;-;-
Босоногий пёс;Курара, 2006;дышат;дышать;VERB;-;множественное;настоящее;3;-
Босоногий пёс;Курара, 2006;ближе;близкий;COMP;-;-;-;-;-
Босоногий пёс;Курара, 2006;как;как;CONJ;-;-;-;-;-
Босоногий пёс;Курара, 2006;никогда;никогда;ADVB;-;-;-;-;-
Босоногий пёс;Курара, 2006;твои;твой;ADJF;именительный;множественное;-;-;полная
Босоногий пёс;Курара, 2006;рысьи;рысий;ADJF;именительный;множественное;-;-;полная
Босоногий пёс;Курара, 2006;глаза;глаз;NOUN;винительный;множественное;-;-;-
Босоногий пёс;Курара, 2006;здесь;здесь;ADVB;-;-;-;-;-
Босоногий пёс;Курара, 2006;раздеться;раздеться;INFN;-;-;-;-;-
Босоногий пёс;Курара, 2006;напишут;написать;VERB;-;множественное;будущее;3;-
Босоногий пёс;Курара, 2006;выжгут;выжечь;VERB;-;множественное;будущее;3;-
Босоногий пёс;Курара, 2006;вырежут;вырезать;VERB;-;множественное;будущее;3;-
Босоногий пёс;Курара, 2006;на;на;PREP;-;-;-;-;-
Босоногий пёс;Курара, 2006;плече;плечо;NOUN;предложный;единственное;-;-;-
Босоногий пёс;Курара, 2006;он;он;NPRO;-;-;-;-;-
Босоногий пёс;Курара, 2006;ничего;ничего;ADVB;-;-;-;-;-
Босоногий пёс;Курара, 2006;не;не;PRCL;-;-;-;-;-
Босоногий пёс;Курара, 2006;сказал;сказать;VERB;-;единственное;прошедшее;-;-
Босоногий пёс;Курара, 2006;звёзды;звезда;NOUN;именительный;множественное;-;-;-
Босоногий пёс;Курара, 2006;зырили;зырить;VERB;-;множественное;прошедшее;-;-
Босоногий пёс;Курара, 2006;синими;синий;ADJF;творительный;множественное;-;-;полная
Босоногий пёс;Курара, 2006;дырами;дыра;NOUN;творительный;множественное;-;-;-
Босоногий пёс;Курара, 2006;звёзды;звезда;NOUN;именительный;множественное;-;-;-
Босоногий пёс;Курара, 2006;играли;играть;VERB;-;множественное;прошедшее;-;-
Босоногий пёс;Курара, 2006;снежки;снежок;NOUN;именительный;множественное;-;-;-
Босоногий пёс;Курара, 2006;тронет;тронуть;VERB;-;единственное;будущее;3;-
Босоногий пёс;Курара, 2006;ресницы;ресница;NOUN;винительный;множественное;-;-;-
Босоногий пёс;Курара, 2006;инеем;иней;NOUN;творительный;единственное;-;-;-
Босоногий пёс;Курара, 2006;чтобы;чтобы;CONJ;-;-;-;-;-
Босоногий пёс;Курара, 2006;согреться;согреться;INFN;-;-;-;-;-
Босоногий пёс;Курара, 2006;носил;носить;VERB;-;единственное;прошедшее;-;-
Босоногий пёс;Курара, 2006;под;под;PREP;-;-;-;-;-
Босоногий пёс;Курара, 2006;рубахой;рубаха;NOUN;творительный;единственное;-;-;-
Босоногий пёс;Курара, 2006;птицу;птица;NOUN;винительный;единственное;-;-;-
Босоногий пёс;Курара, 2006;чтобы;чтобы;CONJ;-;-;-;-;-
Босоногий пёс;Курара, 2006;согреться;согреться;INFN;-;-;-;-;-
Босоногий пёс;Курара, 2006;грыз;грызть;VERB;-;единственное;прошедшее;-;-
Босоногий пёс;Курара, 2006;на;на;PREP;-;-;-;-;-
Босоногий пёс;Курара, 2006;морозе;мороз;NOUN;предложный;единственное;-;-;-
Босоногий пёс;Курара, 2006;кость;кость;NOUN;винительный;единственное;-;-;-
Босоногий пёс;Курара, 2006;чтобы;чтобы;CONJ;-;-;-;-;-
Босоногий пёс;Курара, 2006;согреться;согреться;INFN;-;-;-;-;-
Босоногий пёс;Курара, 2006;дышал;дышать;VERB;-;единственное;прошедшее;-;-
Босоногий пёс;Курара, 2006;на;на;PREP;-;-;-;-;-
Босоногий пёс;Курара, 2006;твои;твой;ADJF;именительный;множественное;-;-;полная
Босоногий пёс;Курара, 2006;мизинцы;мизинец;NOUN;именительный;множественное;-;-;-
Босоногий пёс;Курара, 2006;дай;дать;VERB;-;единственное;-;-;-
Босоногий пёс;Курара, 2006;мне;я;NPRO;-;-;-;-;-
Босоногий пёс;Курара, 2006;сахар;сахар;NOUN;винительный;единственное;-;-;-
Босоногий пёс;Курара, 2006;босоногий;босоногий;ADJF;именительный;единственное;-;-;полная
Босоногий пёс;Курара, 2006;пёс;пёс;NOUN;именительный;единственное;-;-;-
Босоногий пёс;Курара, 2006;не;не;PRCL;-;-;-;-;-
Босоногий пёс;Курара, 2006;разбить;разбить;INFN;-;-;-;-;-
Босоногий пёс;Курара, 2006;не;не;PRCL;-;-;-;-;-
Босоногий пёс;Курара, 2006;пить;пить;INFN;-;-;-;-;-
Босоногий пёс;Курара, 2006;не;не;PRCL;-;-;-;-;-
Босоногий пёс;Курара, 2006;выжить;выжить;INFN;-;-;-;-;-
Босоногий пёс;Курара, 2006;выше;выше;ADVB;-;-;-;-;-
Босоногий пёс;Курара, 2006;над;над;PREP;-;-;-;-;-
Босоногий пёс;Курара, 2006;землёй;земля;NOUN;творительный;единственное;-;-;-
Босоногий пёс;Курара, 2006;плывут;плыть;VERB;-;множественное;настоящее;3;-
Босоногий пёс;Курара, 2006;твои;твой;ADJF;именительный;множественное;-;-;полная
Босоногий пёс;Курара, 2006;голоса;голос;NOUN;родительный;единственное;-;-;-
Босоногий пёс;Курара, 2006;за;за;PREP;-;-;-;-;-
Босоногий пёс;Курара, 2006;черту;черта;NOUN;винительный;единственное;-;-;-
Босоногий пёс;Курара, 2006;вагонной;вагонный;ADJF;родительный;единственное;-;-;полная
Босоногий пёс;Курара, 2006;крыши;крыша;NOUN;родительный;единственное;-;-;-
Босоногий пёс;Курара, 2006;вышел;выйти;VERB;-;единственное;прошедшее;-;-
Босоногий пёс;Курара, 2006;только;только;ADVB;-;-;-;-;-
Босоногий пёс;Курара, 2006;подавился;подавиться;VERB;-;единственное;прошедшее;-;-
Босоногий пёс;Курара, 2006;нами;мы;NPRO;-;-;-;-;-
Босоногий пёс;Курара, 2006;вокзал;вокзал;NOUN;именительный;единственное;-;-;-
Босоногий пёс;Курара, 2006;звёзды;звезда;NOUN;именительный;множественное;-;-;-
Босоногий пёс;Курара, 2006;плакали;плакать;VERB;-;множественное;прошедшее;-;-
Босоногий пёс;Курара, 2006;синими;синий;ADJF;творительный;множественное;-;-;полная
Босоногий пёс;Курара, 2006;каплями;капля;NOUN;творительный;множественное;-;-;-
Босоногий пёс;Курара, 2006;звёзды;звезда;NOUN;именительный;множественное;-;-;-
Босоногий пёс;Курара, 2006;махали;махать;VERB;-;множественное;прошедшее;-;-
Босоногий пёс;Курара, 2006;платком;платок;NOUN;творительный;единственное;-;-;-
Босоногий пёс;Курара, 2006;брызнули;брызнуть;VERB;-;множественное;прошедшее;-;-
Босоногий пёс;Курара, 2006;дни;день;NOUN;винительный;множественное;-;-;-
Босоногий пёс;Курара, 2006;составами;состав;NOUN;творительный;множественное;-;-;-
Босоногий пёс;Курара, 2006;чтобы;чтобы;CONJ;-;-;-;-;-
Босоногий пёс;Курара, 2006;согреться;согреться;INFN;-;-;-;-;-
Босоногий пёс;Курара, 2006;носил;носить;VERB;-;единственное;прошедшее;-;-
Босоногий пёс;Курара, 2006;под;под;PREP;-;-;-;-;-
Босоногий пёс;Курара, 2006;рубахой;рубаха;NOUN;творительный;единственное;-;-;-
Босоногий пёс;Курара, 2006;птицу;птица;NOUN;винительный;единственное;-;-;-
Босоногий пёс;Курара, 2006;чтобы;чтобы;CONJ;-;-;-;-;-
Босоногий пёс;Курара, 2006;согреться;согреться;INFN;-;-;-;-;-
Босоногий пёс;Курара, 2006;грыз;грызть;VERB;-;единственное;прошедшее;-;-
Босоногий пёс;Курара, 2006;на;на;PREP;-;-;-;-;-
Босоногий пёс;Курара, 2006;морозе;мороз;NOUN;предложный;единственное;-;-;-
Босоногий пёс;Курара, 2006;кость;кость;NOUN;винительный;единственное;-;-;-
Босоногий пёс;Курара, 2006;чтобы;чтобы;CONJ;-;-;-;-;-
Босоногий пёс;Курара, 2006;согреться;согреться;INFN;-;-;-;-;-
Босоногий пёс;Курара, 2006;дышал;дышать;VERB;-;единственное;прошедшее;-;-
Босоногий пёс;Курара, 2006;на;на;PREP;-;-;-;-;-
Босоногий пёс;Курара, 2006;твои;твой;ADJF;именительный;множественное;-;-;полная
Босоногий пёс;Курара, 2006;мизинцы;мизинец;NOUN;именительный;множественное;-;-;-
Босоногий пёс;Курара, 2006;дай;дать;VERB;-;единственное;-;-;-
Босоногий пёс;Курара, 2006;мне;я;NPRO;-;-;-;-;-
Босоногий пёс;Курара, 2006;сахар;сахар;NOUN;винительный;единственное;-;-;-
Босоногий пёс;Курара, 2006;босоногий;босоногий;ADJF;именительный;единственное;-;-;полная
Босоногий пёс;Курара, 2006;пёс;пёс;NOUN;именительный;единственное;-;-;-
Дарьин день;Курара, 2006;она;она;NPRO;-;-;-;-;-
Дарьин день;Курара, 2006;идет;идти;VERB;-;единственное;настоящее;3;-
Дарьин день;Курара, 2006;по;по;PREP;-;-;-;-;-
Дарьин день;Курара, 2006;направлению;направление;NOUN;дательный;единственное;-;-;-
Дарьин день;Курара, 2006;уральских;уральский;ADJF;родительный;множественное;-;-;полная
Дарьин день;Курара, 2006;гор;гора;NOUN;родительный;множественное;-;-;-
Дарьин день;Курара, 2006;её;её;ADJF;родительный;единственное;-;-;полная
Дарьин день;Курара, 2006;карманы;карман;NOUN;винительный;множественное;-;-;-
Дарьин день;Курара, 2006;набиты;набитый;ADJS;-;множественное;-;-;краткая
Дарьин день;Курара, 2006;кусочками;кусочек;NOUN;творительный;множественное;-;-;-
Дарьин день;Курара, 2006;неба;небо;NOUN;родительный;единственное;-;-;-
Дарьин день;Курара, 2006;она;она;NPRO;-;-;-;-;-
Дарьин день;Курара, 2006;напоминает;напоминать;VERB;-;единственное;настоящее;3;-
Дарьин день;Курара, 2006;фауст;фауст;NOUN;именительный;единственное;-;-;-
Дарьин день;Курара, 2006;патрон;патрон;NOUN;именительный;единственное;-;-;-
Дарьин день;Курара, 2006;она;она;NPRO;-;-;-;-;-
Дарьин день;Курара, 2006;пинает;пинать;VERB;-;единственное;настоящее;3;-
Дарьин день;Курара, 2006;газеты;газета;NOUN;родительный;единственное;-;-;-
Дарьин день;Курара, 2006;она;она;NPRO;-;-;-;-;-
Дарьин день;Курара, 2006;живет;жить;VERB;-;единственное;настоящее;3;-
Дарьин день;Курара, 2006;только;только;ADVB;-;-;-;-;-
Дарьин день;Курара, 2006;влево;влево;ADVB;-;-;-;-;-
Дарьин день;Курара, 2006;её;её;ADJF;родительный;единственное;-;-;полная
Дарьин день;Курара, 2006;родители;родитель;NOUN;именительный;множественное;-;-;-
Дарьин день;Курара, 2006;танцы;танец;NOUN;именительный;множественное;-;-;-
Дарьин день;Курара, 2006;всех;весь;ADJF;родительный;множественное;-;-;полная
Дарьин день;Курара, 2006;времён;время;NOUN;родительный;множественное;-;-;-
Дарьин день;Курара, 2006;народов;народ;NOUN;родительный;множественное;-;-;-
Дарьин день;Курара, 2006;её;её;ADJF;родительный;единственное;-;-;полная
Дарьин день;Курара, 2006;пуповина;пуповина;NOUN;именительный;единственное;-;-;-
Дарьин день;Курара, 2006;магнитная;магнитный;ADJF;именительный;единственное;-;-;полная
Дарьин день;Курара, 2006;лента;лента;NOUN;именительный;единственное;-;-;-
Дарьин день;Курара, 2006;её;её;ADJF;родительный;единственное;-;-;полная
Дарьин день;Курара, 2006;кредо;кредо;NOUN;именительный;единственное;-;-;-
Дарьин день;Курара, 2006;жизни;жизнь;NOUN;родительный;единственное;-;-;-
Дарьин день;Курара, 2006;плевать;плевать;INFN;-;-;-;-;-
Дарьин день;Курара, 2006;на;на;PREP;-;-;-;-;-
Дарьин день;Курара, 2006;уродов;урод;NOUN;родительный;множественное;-;-;-
Дарьин день;Курара, 2006;её;её;ADJF;родительный;единственное;-;-;полная
Дарьин день;Курара, 2006;дом;дом;NOUN;именительный;единственное;-;-;-
Дарьин день;Курара, 2006;ночной;ночной;ADJF;родительный;единственное;-;-;полная
Дарьин день;Курара, 2006;клуб;клуб;NOUN;именительный;единственное;-;-;-
Дарьин день;Курара, 2006;её;её;ADJF;родительный;единственное;-;-;полная
Дарьин день;Курара, 2006;музыка;музыка;NOUN;именительный;единственное;-;-;-
Дарьин день;Курара, 2006;сверху;сверху;ADVB;-;-;-;-;-
Дарьин день;Курара, 2006;её;её;ADJF;родительный;единственное;-;-;полная
Дарьин день;Курара, 2006;подъезд;подъезд;NOUN;винительный;единственное;-;-;-
Дарьин день;Курара, 2006;напоминает;напоминать;VERB;-;единственное;настоящее;3;-
Дарьин день;Курара, 2006;аквариум;аквариум;NOUN;именительный;единственное;-;-;-
Дарьин день;Курара, 2006;рыбками;рыбка;NOUN;творительный;множественное;-;-;-
Дарьин день;Курара, 2006;рыбки;рыбка;NOUN;родительный;единственное;-;-;-
Дарьин день;Курара, 2006;напоминают;напоминать;VERB;-;множественное;настоящее;3;-
Дарьин день;Курара, 2006;полуфабрикаты;полуфабрикат;NOUN;именительный;множественное;-;-;-
Дарьин день;Курара, 2006;её;её;ADJF;родительный;единственное;-;-;полная
Дарьин день;Курара, 2006;радио;радио;NOUN;родительный;единственное;-;-;-
Дарьин день;Курара, 2006;лезет;лезть;VERB;-;единственное;настоящее;3;-
Дарьин день;Курара, 2006;ней;она;NPRO;-;-;-;-;-
Дарьин день;Курара, 2006;музыкой;музыка;NOUN;творительный;единственное;-;-;-
Дарьин день;Курара, 2006;липкою;липка;NOUN;творительный;единственное;-;-;-
Дарьин день;Курара, 2006;лезет;лезть;VERB;-;единственное;настоящее;3;-
Дарьин день;Курара, 2006;ей;она;NPRO;-;-;-;-;-
Дарьин день;Курара, 2006;сердце;сердце;NOUN;винительный;единственное;-;-;-
Дарьин день;Курара, 2006;выходит;выходить;VERB;-;единственное;настоящее;3;-
Дарьин день;Курара, 2006;обратно;обратно;ADVB;-;-;-;-;-
Дарьин день;Курара, 2006;её;её;ADJF;родительный;единственное;-;-;полная
Дарьин день;Курара, 2006;соседи;сосед;NOUN;именительный;множественное;-;-;-
Дарьин день;Курара, 2006;онанируют;онанировать;VERB;-;множественное;настоящее;3;-
Дарьин день;Курара, 2006;на;на;PREP;-;-;-;-;-
Дарьин день;Курара, 2006;матч;матч;NOUN;именительный;единственное;-;-;-
Дарьин день;Курара, 2006;по;по;PREP;-;-;-;-;-
Дарьин день;Курара, 2006;хоккею;хоккей;NOUN;дательный;единственное;-;-;-
Дарьин день;Курара, 2006;она;она;NPRO;-;-;-;-;-
Дарьин день;Курара, 2006;это;это;PRCL;-;-;-;-;-
Дарьин день;Курара, 2006;время;время;NOUN;винительный;единственное;-;-;-
Дарьин день;Курара, 2006;гуляет;гулять;VERB;-;единственное;настоящее;3;-
Дарьин день;Курара, 2006;по;по;PREP;-;-;-;-;-
Дарьин день;Курара, 2006;крышам;крыша;NOUN;дательный;множественное;-;-;-
Дарьин день;Курара, 2006;её;её;ADJF;родительный;единственное;-;-;полная
Дарьин день;Курара, 2006;физические;физический;ADJF;именительный;множественное;-;-;полная
Дарьин день;Курара, 2006;данные;дать;PRTF;именительный;множественное;прошедшее;-;-
Дарьин день;Курара, 2006;нормальных;нормальный;ADJF;родительный;множественное;-;-;полная
Дарьин день;Курара, 2006;пределах;предел;NOUN;предложный;множественное;-;-;-
Дарьин день;Курара, 2006;она;она;NPRO;-;-;-;-;-
Дарьин день;Курара, 2006;пьет;пить;VERB;-;единственное;настоящее;3;-
Дарьин день;Курара, 2006;звезды;звезда;NOUN;родительный;единственное;-;-;-
Дарьин день;Курара, 2006;лакирует;лакировать;VERB;-;единственное;настоящее;3;-
Дарьин день;Курара, 2006;их;они;NPRO;-;-;-;-;-
Дарьин день;Курара, 2006;гашем;гаш;NOUN;творительный;единственное;-;-;-
Дарьин день;Курара, 2006;ей;она;NPRO;-;-;-;-;-
Дарьин день;Курара, 2006;надоели;надоесть;VERB;-;множественное;прошедшее;-;-
Дарьин день;Курара, 2006;дети;ребёнок;NOUN;именительный;множественное;-;-;-
Дарьин день;Курара, 2006;мозгами;мозг;NOUN;творительный;множественное;-;-;-
Дарьин день;Курара, 2006;кукушки;кукушка;NOUN;родительный;единственное;-;-;-
Дарьин день;Курара, 2006;тенденцией;тенденция;NOUN;творительный;единственное;-;-;-
Дарьин день;Курара, 2006;потенции;потенция;NOUN;родительный;единственное;-;-;-
Дарьин день;Курара, 2006;пивной;пивной;ADJF;винительный;единственное;-;-;полная
Дарьин день;Курара, 2006;кружке;кружка;NOUN;дательный;единственное;-;-;-
Дарьин день;Курара, 2006;это;это;PRCL;-;-;-;-;-
Дарьин день;Курара, 2006;скучные;скучный;ADJF;винительный;множественное;-;-;полная
Дарьин день;Курара, 2006;будни;будни;NOUN;винительный;множественное;-;-;-
Дарьин день;Курара, 2006;это;это;PRCL;-;-;-;-;-
Дарьин день;Курара, 2006;скользкая;скользкий;ADJF;именительный;единственное;-;-;полная
Дарьин день;Курара, 2006;лень;лень;NOUN;именительный;единственное;-;-;-
Дарьин день;Курара, 2006;это;это;PRCL;-;-;-;-;-
Дарьин день;Курара, 2006;праздник;праздник;NOUN;именительный;единственное;-;-;-
Дарьин день;Курара, 2006;календаре;календарь;NOUN;предложный;единственное;-;-;-
Дарьин день;Курара, 2006;это;это;PRCL;-;-;-;-;-
Дарьин день;Курара, 2006;дарьин;дарьин;NOUN;именительный;единственное;-;-;-
Дарьин день;Курара, 2006;день;день;NOUN;винительный;единственное;-;-;-
Полли;Курара, 2006;полли;полль;NOUN;именительный;множественное;-;-;-
Полли;Курара, 2006;любит;любить;VERB;-;единственное;настоящее;3;-
Полли;Курара, 2006;по;по;PREP;-;-;-;-;-
Полли;Курара, 2006;взрослому;взрослый;ADJF;дательный;единственное;-;-;полная
Полли;Курара, 2006;плачет;плакать;VERB;-;единственное;настоящее;3;-
Полли;Курара, 2006;по;по;PREP;-;-;-;-;-
Полли;Курара, 2006;детски;детски;ADVB;-;-;-;-;-
Полли;Курара, 2006;доле;доля;NOUN;дательный;единственное;-;-;-
Полли;Курара, 2006;на;на;PREP;-;-;-;-;-
Полли;Курара, 2006;пару;пара;NOUN;винительный;единственное;-;-;-
Полли;Курара, 2006;стаканов;стакан;NOUN;родительный;множественное;-;-;-
Полли;Курара, 2006;пацанами;пацан;NOUN;творительный;множественное;-;-;-
Полли;Курара, 2006;соседскими;соседский;ADJF;творительный;множественное;-;-;полная
Полли;Курара, 2006;полли;полль;NOUN;именительный;множественное;-;-;-
Полли;Курара, 2006;доме;дом;NOUN;предложный;единственное;-;-;-
Полли;Курара, 2006;где;где;ADVB;-;-;-;-;-
Полли;Курара, 2006;двери;дверь;NOUN;родительный;единственное;-;-;-
Полли;Курара, 2006;матрешки;матрёшка;NOUN;именительный;множественное;-;-;-
Полли;Курара, 2006;раскладушки;раскладушка;NOUN;винительный;множественное;-;-;-
Полли;Курара, 2006;лестницы;лестница;NOUN;именительный;множественное;-;-;-
Полли;Курара, 2006;номер;номер;NOUN;именительный;единственное;-;-;-
Полли;Курара, 2006;полли;полль;NOUN;именительный;множественное;-;-;-
Полли;Курара, 2006;выбит;выбить;PRTS;-;единственное;прошедшее;-;-
Полли;Курара, 2006;чеканкой;чеканка;NOUN;творительный;единственное;-;-;-
Полли;Курара, 2006;по;по;PREP;-;-;-;-;-
Полли;Курара, 2006;всей;весь;ADJF;родительный;единственное;-;-;полная
Полли;Курара, 2006;окрестности;окрестность;NOUN;винительный;множественное;-;-;-
Полли;Курара, 2006;полли;полль;NOUN;именительный;множественное;-;-;-
Полли;Курара, 2006;любит;любить;VERB;-;единственное;настоящее;3;-
Полли;Курара, 2006;по;по;PREP;-;-;-;-;-
Полли;Курара, 2006;взрослому;взрослый;ADJF;дательный;единственное;-;-;полная
Полли;Курара, 2006;плачет;плакать;VERB;-;единственное;настоящее;3;-
Полли;Курара, 2006;по;по;PREP;-;-;-;-;-
Полли;Курара, 2006;детски;детски;ADVB;-;-;-;-;-
Полли;Курара, 2006;полли;полль;NOUN;именительный;множественное;-;-;-
Полли;Курара, 2006;выход;выход;NOUN;именительный;единственное;-;-;-
Полли;Курара, 2006;балкона;балкон;NOUN;родительный;единственное;-;-;-
Полли;Курара, 2006;на;на;PREP;-;-;-;-;-
Полли;Курара, 2006;теневую;теневой;ADJF;винительный;единственное;-;-;полная
Полли;Курара, 2006;сторону;сторона;NOUN;винительный;единственное;-;-;-
Полли;Курара, 2006;полли;полль;NOUN;именительный;множественное;-;-;-
Полли;Курара, 2006;движения;движение;NOUN;родительный;единственное;-;-;-
Полли;Курара, 2006;чёткие;чёткий;ADJF;винительный;множественное;-;-;полная
Полли;Курара, 2006;видимость;видимость;NOUN;именительный;единственное;-;-;-
Полли;Курара, 2006;чёткая;чёткий;ADJF;именительный;единственное;-;-;полная
Полли;Курара, 2006;слышимость;слышимость;NOUN;именительный;единственное;-;-;-
Полли;Курара, 2006;поровну;поровну;ADVB;-;-;-;-;-
Полли;Курара, 2006;полли;полль;NOUN;именительный;множественное;-;-;-
Полли;Курара, 2006;гонит;гнать;VERB;-;единственное;настоящее;3;-
Полли;Курара, 2006;редкие;редкий;ADJF;именительный;множественное;-;-;полная
Полли;Курара, 2006;виды;вид;NOUN;именительный;множественное;-;-;-
Полли;Курара, 2006;растений;растение;NOUN;родительный;множественное;-;-;-
Полли;Курара, 2006;орехами;орех;NOUN;творительный;множественное;-;-;-
Полли;Курара, 2006;горле;горло;NOUN;предложный;единственное;-;-;-
Полли;Курара, 2006;полли;полль;NOUN;именительный;множественное;-;-;-
Полли;Курара, 2006;радио;радио;NOUN;родительный;единственное;-;-;-
Полли;Курара, 2006;маяк;маяк;NOUN;именительный;единственное;-;-;-
Полли;Курара, 2006;небольшими;небольшой;ADJF;творительный;множественное;-;-;полная
Полли;Курара, 2006;помехами;помеха;NOUN;творительный;множественное;-;-;-
Полли;Курара, 2006;полли;полль;NOUN;именительный;множественное;-;-;-
Полли;Курара, 2006;любит;любить;VERB;-;единственное;настоящее;3;-
Полли;Курара, 2006;по;по;PREP;-;-;-;-;-
Полли;Курара, 2006;взрослому;взрослый;ADJF;дательный;единственное;-;-;полная
Полли;Курара, 2006;плачет;плакать;VERB;-;единственное;настоящее;3;-
Полли;Курара, 2006;по;по;PREP;-;-;-;-;-
Полли;Курара, 2006;детски;детски;ADVB;-;-;-;-;-
Полли;Курара, 2006;полли;полль;NOUN;именительный;множественное;-;-;-
Полли;Курара, 2006;ловит;ловить;VERB;-;единственное;настоящее;3;-
Полли;Курара, 2006;ворон;ворон;NOUN;именительный;единственное;-;-;-
Полли;Курара, 2006;ними;они;NPRO;-;-;-;-;-
Полли;Курара, 2006;играет;играть;VERB;-;единственное;настоящее;3;-
Полли;Курара, 2006;роли;роль;NOUN;предложный;единственное;-;-;-
Полли;Курара, 2006;собственных;собственный;ADJF;родительный;множественное;-;-;полная
Полли;Курара, 2006;пьес;пьеса;NOUN;родительный;множественное;-;-;-
Полли;Курара, 2006;их;они;NPRO;-;-;-;-;-
Полли;Курара, 2006;не;не;PRCL;-;-;-;-;-
Полли;Курара, 2006;скоро;скоро;ADVB;-;-;-;-;-
Полли;Курара, 2006;поставят;поставить;VERB;-;множественное;будущее;3;-
Полли;Курара, 2006;скоро;скоро;ADVB;-;-;-;-;-
Полли;Курара, 2006;полли;полль;NOUN;именительный;множественное;-;-;-
Полли;Курара, 2006;приедет;приехать;VERB;-;единственное;будущее;3;-
Полли;Курара, 2006;ко;к;PREP;-;-;-;-;-
Полли;Курара, 2006;мне;я;NPRO;-;-;-;-;-
Полли;Курара, 2006;гости;гость;NOUN;именительный;множественное;-;-;-
Полли;Курара, 2006;приедет;приехать;VERB;-;единственное;будущее;3;-
Полли;Курара, 2006;подарками;подарок;NOUN;творительный;множественное;-;-;-
Полли;Курара, 2006;скоро;скоро;ADVB;-;-;-;-;-
Полли;Курара, 2006;полли;полль;NOUN;именительный;множественное;-;-;-
Полли;Курара, 2006;подарит;подарить;VERB;-;единственное;будущее;3;-
Полли;Курара, 2006;альбом;альбом;NOUN;именительный;единственное;-;-;-
Полли;Курара, 2006;необычными;необычный;ADJF;творительный;множественное;-;-;полная
Полли;Курара, 2006;марками;марка;NOUN;творительный;множественное;-;-;-
Полли;Курара, 2006;полли;полль;NOUN;именительный;множественное;-;-;-
Полли;Курара, 2006;любит;любить;VERB;-;единственное;настоящее;3;-
Полли;Курара, 2006;по;по;PREP;-;-;-;-;-
Полли;Курара, 2006;взрослому;взрослый;ADJF;дательный;единственное;-;-;полная
Полли;Курара, 2006;плачет;плакать;VERB;-;единственное;настоящее;3;-
Полли;Курара, 2006;по;по;PREP;-;-;-;-;-
Полли;Курара, 2006;детски;детски;ADVB;-;-;-;-;-
Листопад;Курара, 2006;утро;утро;NOUN;винительный;единственное;-;-;-
Листопад;Курара, 2006;давит;давить;VERB;-;единственное;настоящее;3;-
Листопад;Курара, 2006;на;на;PREP;-;-;-;-;-
Листопад;Курара, 2006;глаза;глаз;NOUN;винительный;множественное;-;-;-
Листопад;Курара, 2006;мелко;мелко;ADVB;-;-;-;-;-
Листопад;Курара, 2006;мелко;мелко;ADVB;-;-;-;-;-
Листопад;Курара, 2006;завтрак;завтрак;NOUN;именительный;единственное;-;-;-
Листопад;Курара, 2006;стынет;стынуть;VERB;-;единственное;настоящее;3;-
Листопад;Курара, 2006;как;как;CONJ;-;-;-;-;-
Листопад;Курара, 2006;нахлынет;нахлынуть;VERB;-;единственное;будущее;3;-
Листопад;Курара, 2006;так;так;CONJ;-;-;-;-;-
Листопад;Курара, 2006;снимет;снять;VERB;-;единственное;будущее;3;-
Листопад;Курара, 2006;календарь;календарь;NOUN;именительный;единственное;-;-;-
Листопад;Курара, 2006;свои;свой;ADJF;винительный;множественное;-;-;полная
Листопад;Курара, 2006;права;право;NOUN;родительный;единственное;-;-;-
Листопад;Курара, 2006;ей;она;NPRO;-;-;-;-;-
Листопад;Курара, 2006;снятся;сниться;VERB;-;множественное;настоящее;3;-
Листопад;Курара, 2006;поезда;поезд;NOUN;родительный;единственное;-;-;-
Листопад;Курара, 2006;папиросы;папироса;NOUN;винительный;множественное;-;-;-
Листопад;Курара, 2006;мандарины;мандарин;NOUN;именительный;множественное;-;-;-
Листопад;Курара, 2006;проводницы-магдалины;проводница-магдалина;NOUN;родительный;единственное;-;-;-
Листопад;Курара, 2006;тупые;тупой;ADJF;именительный;множественное;-;-;полная
Листопад;Курара, 2006;фраера;фраер;NOUN;родительный;единственное;-;-;-
Листопад;Курара, 2006;всего;весь;ADJF;родительный;единственное;-;-;полная
Листопад;Курара, 2006;лишь;лишь;PRCL;-;-;-;-;-
Листопад;Курара, 2006;листопад;листопад;NOUN;именительный;единственное;-;-;-
Листопад;Курара, 2006;не;не;PRCL;-;-;-;-;-
Листопад;Курара, 2006;только;только;ADVB;-;-;-;-;-
Листопад;Курара, 2006;листопад;листопад;NOUN;именительный;единственное;-;-;-
Листопад;Курара, 2006;не;не;PRCL;-;-;-;-;-
Листопад;Курара, 2006;просто;просто;PRCL;-;-;-;-;-
Листопад;Курара, 2006;листопад;листопад;NOUN;именительный;единственное;-;-;-
Листопад;Курара, 2006;сентябрь;сентябрь;NOUN;именительный;единственное;-;-;-
Листопад;Курара, 2006;твоей;твой;ADJF;родительный;единственное;-;-;полная
Листопад;Курара, 2006;квартире;квартира;NOUN;предложный;единственное;-;-;-
Листопад;Курара, 2006;молоком;молоко;NOUN;творительный;единственное;-;-;-
Листопад;Курара, 2006;прольётся;пролиться;VERB;-;единственное;будущее;3;-
Листопад;Курара, 2006;день;день;NOUN;винительный;единственное;-;-;-
Листопад;Курара, 2006;каждый;каждый;ADJF;винительный;единственное;-;-;полная
Листопад;Курара, 2006;день;день;NOUN;винительный;единственное;-;-;-
Листопад;Курара, 2006;на;на;PREP;-;-;-;-;-
Листопад;Курара, 2006;аспирине;аспирин;NOUN;предложный;единственное;-;-;-
Листопад;Курара, 2006;бьётся;биться;VERB;-;единственное;настоящее;3;-
Листопад;Курара, 2006;ливень;ливень;NOUN;винительный;единственное;-;-;-
Листопад;Курара, 2006;на;на;PREP;-;-;-;-;-
Листопад;Курара, 2006;камине;камин;NOUN;предложный;единственное;-;-;-
Листопад;Курара, 2006;будет;быть;VERB;-;единственное;будущее;3;-
Листопад;Курара, 2006;греться;греться;INFN;-;-;-;-;-
Листопад;Курара, 2006;чья-то;чей-то;ADJF;именительный;единственное;-;-;полная
Листопад;Курара, 2006;тень;тень;NOUN;винительный;единственное;-;-;-
Листопад;Курара, 2006;ей;она;NPRO;-;-;-;-;-
Листопад;Курара, 2006;снится;сниться;VERB;-;единственное;настоящее;3;-
Листопад;Курара, 2006;ленинград;ленинград;NOUN;именительный;единственное;-;-;-
Листопад;Курара, 2006;белой;белый;ADJF;творительный;единственное;-;-;полная
Листопад;Курара, 2006;ночью;ночью;ADVB;-;-;-;-;-
Листопад;Курара, 2006;мутной;мутный;ADJF;родительный;единственное;-;-;полная
Листопад;Курара, 2006;глине;глина;NOUN;дательный;единственное;-;-;-
Листопад;Курара, 2006;завтрак;завтрак;NOUN;именительный;единственное;-;-;-
Листопад;Курара, 2006;стынет;стынуть;VERB;-;единственное;настоящее;3;-
Листопад;Курара, 2006;завтра;завтра;ADVB;-;-;-;-;-
Листопад;Курара, 2006;гриме;грим;NOUN;предложный;единственное;-;-;-
Листопад;Курара, 2006;уйду;уйти;VERB;-;единственное;будущее;1;-
Листопад;Курара, 2006;буду;быть;VERB;-;единственное;будущее;1;-
Листопад;Курара, 2006;рад;рад;ADJS;-;единственное;-;-;краткая
Листопад;Курара, 2006;всего;весь;ADJF;родительный;единственное;-;-;полная
Листопад;Курара, 2006;лишь;лишь;PRCL;-;-;-;-;-
Листопад;Курара, 2006;листопад;листопад;NOUN;именительный;единственное;-;-;-
Листопад;Курара, 2006;не;не;PRCL;-;-;-;-;-
Листопад;Курара, 2006;только;только;ADVB;-;-;-;-;-
Листопад;Курара, 2006;листопад;листопад;NOUN;именительный;единственное;-;-;-
Листопад;Курара, 2006;не;не;PRCL;-;-;-;-;-
Листопад;Курара, 2006;просто;просто;PRCL;-;-;-;-;-
Листопад;Курара, 2006;листопад;листопад;NOUN;именительный;единственное;-;-;-
Листопад;Курара, 2006;сентябрь;сентябрь;NOUN;именительный;единственное;-;-;-
Листопад;Курара, 2006;твоей;твой;ADJF;родительный;единственное;-;-;полная
Листопад;Курара, 2006;квартире;квартира;NOUN;предложный;единственное;-;-;-
Листопад;Курара, 2006;всего;весь;ADJF;родительный;единственное;-;-;полная
Листопад;Курара, 2006;лишь;лишь;PRCL;-;-;-;-;-
Листопад;Курара, 2006;листопад;листопад;NOUN;именительный;единственное;-;-;-
Листопад;Курара, 2006;не;не;PRCL;-;-;-;-;-
Листопад;Курара, 2006;только;только;ADVB;-;-;-;-;-
Листопад;Курара, 2006;листопад;листопад;NOUN;именительный;единственное;-;-;-
Листопад;Курара, 2006;не;не;PRCL;-;-;-;-;-
Листопад;Курара, 2006;просто;просто;PRCL;-;-;-;-;-
Листопад;Курара, 2006;листопад;листопад;NOUN;именительный;единственное;-;-;-
Листопад;Курара, 2006;сентябрь;сентябрь;NOUN;именительный;единственное;-;-;-
Листопад;Курара, 2006;твоей;твой;ADJF;родительный;единственное;-;-;полная
Листопад;Курара, 2006;квартире;квартира;NOUN;предложный;единственное;-;-;-
Листопад;Курара, 2006;всего;весь;ADJF;родительный;единственное;-;-;полная
Листопад;Курара, 2006;лишь;лишь;PRCL;-;-;-;-;-
Листопад;Курара, 2006;листопад;листопад;NOUN;именительный;единственное;-;-;-
Листопад;Курара, 2006;не;не;PRCL;-;-;-;-;-
Листопад;Курара, 2006;только;только;ADVB;-;-;-;-;-
Листопад;Курара, 2006;листопад;листопад;NOUN;именительный;единственное;-;-;-
Листопад;Курара, 2006;не;не;PRCL;-;-;-;-;-
Листопад;Курара, 2006;просто;просто;PRCL;-;-;-;-;-
Листопад;Курара, 2006;листопад;листопад;NOUN;именительный;единственное;-;-;-
Листопад;Курара, 2006;сентябрь;сентябрь;NOUN;именительный;единственное;-;-;-
Листопад;Курара, 2006;твоей;твой;ADJF;родительный;единственное;-;-;полная
Листопад;Курара, 2006;квартире;квартира;NOUN;предложный;единственное;-;-;-
Полина;Курара, 2006;за;за;PREP;-;-;-;-;-
Полина;Курара, 2006;сколько;сколько;ADVB;-;-;-;-;-
Полина;Курара, 2006;секунд;секунда;NOUN;родительный;множественное;-;-;-
Полина;Курара, 2006;упадет;упасть;VERB;-;единственное;будущее;3;-
Полина;Курара, 2006;слеза;слеза;NOUN;именительный;единственное;-;-;-
Полина;Курара, 2006;за;за;PREP;-;-;-;-;-
Полина;Курара, 2006;сколько;сколько;ADVB;-;-;-;-;-
Полина;Курара, 2006;минут;минута;NOUN;родительный;множественное;-;-;-
Полина;Курара, 2006;постараешься;постараться;VERB;-;единственное;будущее;2;-
Полина;Курара, 2006;выжить;выжить;INFN;-;-;-;-;-
Полина;Курара, 2006;заранеё;заранеё;NOUN;именительный;единственное;-;-;-
Полина;Курара, 2006;выжечь;выжечь;INFN;-;-;-;-;-
Полина;Курара, 2006;на;на;PREP;-;-;-;-;-
Полина;Курара, 2006;кисти;кисть;NOUN;родительный;единственное;-;-;-
Полина;Курара, 2006;слова;слово;NOUN;родительный;единственное;-;-;-
Полина;Курара, 2006;больше;большой;COMP;-;-;-;-;-
Полина;Курара, 2006;никто;никто;NPRO;-;-;-;-;-
Полина;Курара, 2006;закрылся;закрыться;VERB;-;единственное;прошедшее;-;-
Полина;Курара, 2006;на;на;PREP;-;-;-;-;-
Полина;Курара, 2006;нижний;нижний;ADJF;именительный;единственное;-;-;полная
Полина;Курара, 2006;замок;замок;NOUN;именительный;единственное;-;-;-
Полина;Курара, 2006;ключ;ключ;NOUN;именительный;единственное;-;-;-
Полина;Курара, 2006;потерян;потерянный;ADJS;-;единственное;-;-;краткая
Полина;Курара, 2006;нет;нет;PRED;-;-;-;-;-
Полина;Курара, 2006;дубликата;дубликат;NOUN;родительный;единственное;-;-;-
Полина;Курара, 2006;косыми;косой;ADJF;творительный;множественное;-;-;полная
Полина;Курара, 2006;заплатами;заплата;NOUN;творительный;множественное;-;-;-
Полина;Курара, 2006;сердце;сердце;NOUN;винительный;единственное;-;-;-
Полина;Курара, 2006;орёт;орать;VERB;-;единственное;настоящее;3;-
Полина;Курара, 2006;на;на;PREP;-;-;-;-;-
Полина;Курара, 2006;всевышнего;всевышний;ADJF;родительный;единственное;-;-;полная
Полина;Курара, 2006;вышить;вышить;INFN;-;-;-;-;-
Полина;Курара, 2006;петлёй;петля;NOUN;творительный;единственное;-;-;-
Полина;Курара, 2006;конец;конец;NOUN;винительный;единственное;-;-;-
Полина;Курара, 2006;фильма;фильм;NOUN;родительный;единственное;-;-;-
Полина;Курара, 2006;схватиться;схватиться;INFN;-;-;-;-;-
Полина;Курара, 2006;рукою;рука;NOUN;творительный;единственное;-;-;-
Полина;Курара, 2006;за;за;PREP;-;-;-;-;-
Полина;Курара, 2006;титры;титр;NOUN;именительный;множественное;-;-;-
Полина;Курара, 2006;выплыть;выплыть;INFN;-;-;-;-;-
Полина;Курара, 2006;наверх;наверх;ADVB;-;-;-;-;-
Полина;Курара, 2006;задохнуться;задохнуться;INFN;-;-;-;-;-
Полина;Курара, 2006;луной;луна;NOUN;творительный;единственное;-;-;-
Полина;Курара, 2006;за;за;PREP;-;-;-;-;-
Полина;Курара, 2006;краешек;краешек;NOUN;именительный;единственное;-;-;-
Полина;Курара, 2006;крыши;крыша;NOUN;родительный;единственное;-;-;-
Полина;Курара, 2006;вцепившись;вцепиться;GRND;-;-;прошедшее;-;-
Полина;Курара, 2006;смотреть;смотреть;INFN;-;-;-;-;-
Полина;Курара, 2006;за;за;PREP;-;-;-;-;-
Полина;Курара, 2006;сколько;сколько;ADVB;-;-;-;-;-
Полина;Курара, 2006;секунд;секунда;NOUN;родительный;множественное;-;-;-
Полина;Курара, 2006;сосчитать;сосчитать;INFN;-;-;-;-;-
Полина;Курара, 2006;звезду;звезда;NOUN;винительный;единственное;-;-;-
Полина;Курара, 2006;за;за;PREP;-;-;-;-;-
Полина;Курара, 2006;сколько;сколько;ADVB;-;-;-;-;-
Полина;Курара, 2006;секунд;секунда;NOUN;родительный;множественное;-;-;-
Полина;Курара, 2006;сосчитать;сосчитать;INFN;-;-;-;-;-
Полина;Курара, 2006;всю;весь;ADJF;винительный;единственное;-;-;полная
Полина;Курара, 2006;картину;картина;NOUN;винительный;единственное;-;-;-
Полина;Курара, 2006;заранеё;заранеё;NOUN;именительный;единственное;-;-;-
Полина;Курара, 2006;выжечь;выжечь;INFN;-;-;-;-;-
Полина;Курара, 2006;на;на;PREP;-;-;-;-;-
Полина;Курара, 2006;кисти;кисть;NOUN;родительный;единственное;-;-;-
Полина;Курара, 2006;судьбу;судьба;NOUN;винительный;единственное;-;-;-
Полина;Курара, 2006;ты;ты;NPRO;-;-;-;-;-
Полина;Курара, 2006;только;только;ADVB;-;-;-;-;-
Полина;Курара, 2006;не;не;PRCL;-;-;-;-;-
Полина;Курара, 2006;плачь;плакать;VERB;-;единственное;-;-;-
Полина;Курара, 2006;всё;всё;PRCL;-;-;-;-;-
Полина;Курара, 2006;порядке;порядок;NOUN;предложный;единственное;-;-;-
Полина;Курара, 2006;полина;полина;NOUN;именительный;единственное;-;-;-
Журавли;Курара, 2006;мутное;мутный;ADJF;именительный;единственное;-;-;полная
Журавли;Курара, 2006;море;море;NOUN;предложный;единственное;-;-;-
Журавли;Курара, 2006;спят;спать;VERB;-;множественное;настоящее;3;-
Журавли;Курара, 2006;облака;облако;NOUN;именительный;множественное;-;-;-
Журавли;Курара, 2006;белое;белый;ADJF;именительный;единственное;-;-;полная
Журавли;Курара, 2006;солнце;солнце;NOUN;именительный;единственное;-;-;-
Журавли;Курара, 2006;белые;белые;NOUN;именительный;множественное;-;-;-
Журавли;Курара, 2006;птицы;птица;NOUN;именительный;множественное;-;-;-
Журавли;Курара, 2006;серая;серый;ADJF;именительный;единственное;-;-;полная
Журавли;Курара, 2006;кошка;кошка;NOUN;именительный;единственное;-;-;-
Журавли;Курара, 2006;накрасит;накрасить;VERB;-;единственное;будущее;3;-
Журавли;Курара, 2006;ресницы;ресница;NOUN;винительный;множественное;-;-;-
Журавли;Курара, 2006;срежет;срезать;VERB;-;единственное;будущее;3;-
Журавли;Курара, 2006;три;три;NUMR;-;-;-;-;-
Журавли;Курара, 2006;карты;карта;NOUN;родительный;единственное;-;-;-
Журавли;Курара, 2006;плюнет;плюнуть;VERB;-;единственное;будущее;3;-
Журавли;Курара, 2006;стакан;стакан;NOUN;винительный;единственное;-;-;-
Журавли;Курара, 2006;скользкий;скользкий;ADJF;именительный;единственное;-;-;полная
Журавли;Курара, 2006;октябрь;октябрь;NOUN;именительный;единственное;-;-;-
Журавли;Курара, 2006;напивается;напиваться;VERB;-;единственное;настоящее;3;-
Журавли;Курара, 2006;виснет;виснуть;VERB;-;единственное;настоящее;3;-
Журавли;Курара, 2006;скрипит;скрипеть;VERB;-;единственное;настоящее;3;-
Журавли;Курара, 2006;узлами;узел;NOUN;творительный;множественное;-;-;-
Журавли;Курара, 2006;покрывается;покрываться;VERB;-;единственное;настоящее;3;-
Журавли;Курара, 2006;инеем;иней;NOUN;творительный;единственное;-;-;-
Журавли;Курара, 2006;снег;снег;NOUN;именительный;единственное;-;-;-
Журавли;Курара, 2006;может;мочь;VERB;-;единственное;настоящее;3;-
Журавли;Курара, 2006;таять;таять;INFN;-;-;-;-;-
Журавли;Курара, 2006;погодой;погода;NOUN;творительный;единственное;-;-;-
Журавли;Курара, 2006;дождливой;дождливый;ADJF;родительный;единственное;-;-;полная
Журавли;Курара, 2006;свет;свет;NOUN;именительный;единственное;-;-;-
Журавли;Курара, 2006;может;мочь;VERB;-;единственное;настоящее;3;-
Журавли;Курара, 2006;падать;падать;INFN;-;-;-;-;-
Журавли;Курара, 2006;но;но;CONJ;-;-;-;-;-
Журавли;Курара, 2006;только;только;ADVB;-;-;-;-;-
Журавли;Курара, 2006;не;не;PRCL;-;-;-;-;-
Журавли;Курара, 2006;вниз;вниз;ADVB;-;-;-;-;-
Журавли;Курара, 2006;медленно;медленно;ADVB;-;-;-;-;-
Журавли;Курара, 2006;слепо;слепо;ADVB;-;-;-;-;-
Журавли;Курара, 2006;по;по;PREP;-;-;-;-;-
Журавли;Курара, 2006;ветру;ветер;NOUN;дательный;единственное;-;-;-
Журавли;Курара, 2006;летят;лететь;VERB;-;множественное;настоящее;3;-
Журавли;Курара, 2006;журавли;журавль;NOUN;именительный;множественное;-;-;-
Журавли;Курара, 2006;на;на;PREP;-;-;-;-;-
Журавли;Курара, 2006;тех;тот;ADJF;родительный;множественное;-;-;полная
Журавли;Курара, 2006;кассетах;кассета;NOUN;предложный;множественное;-;-;-
Журавли;Курара, 2006;останется;остаться;VERB;-;единственное;будущее;3;-
Журавли;Курара, 2006;капля;капля;NOUN;именительный;единственное;-;-;-
Журавли;Курара, 2006;любви;любовь;NOUN;родительный;единственное;-;-;-
Журавли;Курара, 2006;за;за;PREP;-;-;-;-;-
Журавли;Курара, 2006;нами;мы;NPRO;-;-;-;-;-
Журавли;Курара, 2006;лето;лето;NOUN;винительный;единственное;-;-;-
Журавли;Курара, 2006;за;за;PREP;-;-;-;-;-
Журавли;Курара, 2006;нами;мы;NPRO;-;-;-;-;-
Журавли;Курара, 2006;топить;топить;INFN;-;-;-;-;-
Журавли;Курара, 2006;корабли;корабль;NOUN;именительный;множественное;-;-;-
Журавли;Курара, 2006;за;за;PREP;-;-;-;-;-
Журавли;Курара, 2006;краем;край;NOUN;творительный;единственное;-;-;-
Журавли;Курара, 2006;света;свет;NOUN;родительный;единственное;-;-;-
Журавли;Курара, 2006;выходим;выходить;VERB;-;множественное;будущее;1;-
Журавли;Курара, 2006;точным;точный;ADJF;творительный;единственное;-;-;полная
Журавли;Курара, 2006;жестом;жест;NOUN;творительный;единственное;-;-;-
Журавли;Курара, 2006;укажешь;указать;VERB;-;единственное;будущее;2;-
Журавли;Курара, 2006;на;на;PREP;-;-;-;-;-
Журавли;Курара, 2006;дождь;дождь;NOUN;именительный;единственное;-;-;-
Журавли;Курара, 2006;можно;можно;PRED;-;-;-;-;-
Журавли;Курара, 2006;промокнуть;промокнуть;INFN;-;-;-;-;-
Журавли;Курара, 2006;можно;можно;PRED;-;-;-;-;-
Журавли;Курара, 2006;умыться;умыться;INFN;-;-;-;-;-
Журавли;Курара, 2006;старой;старый;ADJF;родительный;единственное;-;-;полная
Журавли;Курара, 2006;собаке;собака;NOUN;дательный;единственное;-;-;-
Журавли;Курара, 2006;сегодня;сегодня;ADVB;-;-;-;-;-
Журавли;Курара, 2006;не;не;PRCL;-;-;-;-;-
Журавли;Курара, 2006;спится;спаться;VERB;-;единственное;настоящее;-;-
Журавли;Курара, 2006;старые;старый;ADJF;именительный;множественное;-;-;полная
Журавли;Курара, 2006;дети;ребёнок;NOUN;именительный;множественное;-;-;-
Журавли;Курара, 2006;насадили;насадить;VERB;-;множественное;прошедшее;-;-
Журавли;Курара, 2006;на;на;PREP;-;-;-;-;-
Журавли;Курара, 2006;нож;нож;NOUN;именительный;единственное;-;-;-
Журавли;Курара, 2006;фотопортреты;фотопортрет;NOUN;именительный;множественное;-;-;-
Журавли;Курара, 2006;парапеты;парапет;NOUN;именительный;множественное;-;-;-
Журавли;Курара, 2006;ставки;ставка;NOUN;именительный;множественное;-;-;-
Журавли;Курара, 2006;герои;герой;NOUN;именительный;множественное;-;-;-
Журавли;Курара, 2006;квеста;квест;NOUN;родительный;единственное;-;-;-
Журавли;Курара, 2006;не;не;PRCL;-;-;-;-;-
Журавли;Курара, 2006;дойдут;дойти;VERB;-;множественное;будущее;3;-
Журавли;Курара, 2006;до;до;PREP;-;-;-;-;-
Журавли;Курара, 2006;полюса;полюс;NOUN;родительный;единственное;-;-;-
Журавли;Курара, 2006;серая;серый;ADJF;именительный;единственное;-;-;полная
Журавли;Курара, 2006;кошка;кошка;NOUN;именительный;единственное;-;-;-
Журавли;Курара, 2006;обнажится;обнажиться;VERB;-;единственное;будущее;3;-
Журавли;Курара, 2006;по;по;PREP;-;-;-;-;-
Журавли;Курара, 2006;пояс;пояс;NOUN;винительный;единственное;-;-;-
Журавли;Курара, 2006;слижет;слизать;VERB;-;единственное;будущее;3;-
Журавли;Курара, 2006;три;три;NUMR;-;-;-;-;-
Журавли;Курара, 2006;карты;карта;NOUN;родительный;единственное;-;-;-
Журавли;Курара, 2006;кинет;кинуть;VERB;-;единственное;будущее;3;-
Журавли;Курара, 2006;стакан;стакан;NOUN;винительный;единственное;-;-;-
Журавли;Курара, 2006;медленно;медленно;ADVB;-;-;-;-;-
Журавли;Курара, 2006;слепо;слепо;ADVB;-;-;-;-;-
Журавли;Курара, 2006;по;по;PREP;-;-;-;-;-
Журавли;Курара, 2006;ветру;ветер;NOUN;дательный;единственное;-;-;-
Журавли;Курара, 2006;летят;лететь;VERB;-;множественное;настоящее;3;-
Журавли;Курара, 2006;журавли;журавль;NOUN;именительный;множественное;-;-;-
Журавли;Курара, 2006;на;на;PREP;-;-;-;-;-
Журавли;Курара, 2006;тех;тот;ADJF;родительный;множественное;-;-;полная
Журавли;Курара, 2006;кассетах;кассета;NOUN;предложный;множественное;-;-;-
Журавли;Курара, 2006;останется;остаться;VERB;-;единственное;будущее;3;-
Журавли;Курара, 2006;капля;капля;NOUN;именительный;единственное;-;-;-
Журавли;Курара, 2006;любви;любовь;NOUN;родительный;единственное;-;-;-
Журавли;Курара, 2006;за;за;PREP;-;-;-;-;-
Журавли;Курара, 2006;нами;мы;NPRO;-;-;-;-;-
Журавли;Курара, 2006;лето;лето;NOUN;винительный;единственное;-;-;-
Журавли;Курара, 2006;за;за;PREP;-;-;-;-;-
Журавли;Курара, 2006;нами;мы;NPRO;-;-;-;-;-
Журавли;Курара, 2006;топить;топить;INFN;-;-;-;-;-
Журавли;Курара, 2006;корабли;корабль;NOUN;именительный;множественное;-;-;-
Журавли;Курара, 2006;за;за;PREP;-;-;-;-;-
Журавли;Курара, 2006;краем;край;NOUN;творительный;единственное;-;-;-
Журавли;Курара, 2006;света;свет;NOUN;родительный;единственное;-;-;-
Журавли;Курара, 2006;выходим;выходить;VERB;-;множественное;будущее;1;-
Журавли;Курара, 2006;всё;всё;PRCL;-;-;-;-;-
Журавли;Курара, 2006;впереди;впереди;ADVB;-;-;-;-;-
На память;Курара, 2006;снегом;снег;NOUN;творительный;единственное;-;-;-
На память;Курара, 2006;не;не;PRCL;-;-;-;-;-
На память;Курара, 2006;снегом;снег;NOUN;творительный;единственное;-;-;-
На память;Курара, 2006;дождём;дождь;NOUN;творительный;единственное;-;-;-
На память;Курара, 2006;не;не;PRCL;-;-;-;-;-
На память;Курара, 2006;дождём;дождь;NOUN;творительный;единственное;-;-;-
На память;Курара, 2006;все-таки;всё-таки;PRCL;-;-;-;-;-
На память;Курара, 2006;помним;помнить;VERB;-;множественное;настоящее;1;-
На память;Курара, 2006;мы;мы;NPRO;-;-;-;-;-
На память;Курара, 2006;помним;помнить;VERB;-;множественное;настоящее;1;-
На память;Курара, 2006;бегом;бегом;ADVB;-;-;-;-;-
На память;Курара, 2006;не;не;PRCL;-;-;-;-;-
На память;Курара, 2006;бегом;бегом;ADVB;-;-;-;-;-
На память;Курара, 2006;идём;идти;VERB;-;множественное;настоящее;1;-
На память;Курара, 2006;не;не;PRCL;-;-;-;-;-
На память;Курара, 2006;идём;идти;VERB;-;множественное;настоящее;1;-
На память;Курара, 2006;все-таки;всё-таки;PRCL;-;-;-;-;-
На память;Курара, 2006;гоним;гонимый;ADJS;-;единственное;-;-;краткая
На память;Курара, 2006;гоним;гонимый;ADJS;-;единственное;-;-;краткая
На память;Курара, 2006;ловим;ловить;VERB;-;множественное;настоящее;1;-
На память;Курара, 2006;ртом;рот;NOUN;творительный;единственное;-;-;-
На память;Курара, 2006;посылки;посылка;NOUN;винительный;множественное;-;-;-
На память;Курара, 2006;сверху;сверху;ADVB;-;-;-;-;-
На память;Курара, 2006;роем;рой;NOUN;творительный;единственное;-;-;-
На память;Курара, 2006;пол;пол;NOUN;именительный;единственное;-;-;-
На память;Курара, 2006;молитвы-песни;молитва-песня;NOUN;винительный;множественное;-;-;-
На память;Курара, 2006;жить;жить;INFN;-;-;-;-;-
На память;Курара, 2006;кольце;кольцо;NOUN;предложный;единственное;-;-;-
На память;Курара, 2006;не;не;PRCL;-;-;-;-;-
На память;Курара, 2006;интересно;интересно;ADVB;-;-;-;-;-
На память;Курара, 2006;тесно;тесно;ADVB;-;-;-;-;-
На память;Курара, 2006;мир;мир;NOUN;именительный;единственное;-;-;-
На память;Курара, 2006;валится;валиться;VERB;-;единственное;настоящее;3;-
На память;Курара, 2006;на;на;PREP;-;-;-;-;-
На память;Курара, 2006;пазлы;пазл;NOUN;именительный;множественное;-;-;-
На память;Курара, 2006;мы;мы;NPRO;-;-;-;-;-
На память;Курара, 2006;катимся;катиться;VERB;-;множественное;настоящее;1;-
На память;Курара, 2006;за;за;PREP;-;-;-;-;-
На память;Курара, 2006;сказкой;сказка;NOUN;творительный;единственное;-;-;-
На память;Курара, 2006;краски;краска;NOUN;родительный;единственное;-;-;-
На память;Курара, 2006;выцветут;выцвести;VERB;-;множественное;будущее;3;-
На память;Курара, 2006;книги;книга;NOUN;родительный;единственное;-;-;-
На память;Курара, 2006;выдадут;выдать;VERB;-;множественное;будущее;3;-
На память;Курара, 2006;тираж;тираж;NOUN;именительный;единственное;-;-;-
На память;Курара, 2006;не;не;PRCL;-;-;-;-;-
На память;Курара, 2006;нами;мы;NPRO;-;-;-;-;-
На память;Курара, 2006;на;на;PREP;-;-;-;-;-
На память;Курара, 2006;память;память;NOUN;винительный;единственное;-;-;-
На память;Курара, 2006;спали;спасть;VERB;-;множественное;прошедшее;-;-
На память;Курара, 2006;не;не;PRCL;-;-;-;-;-
На память;Курара, 2006;спали;спасть;VERB;-;множественное;прошедшее;-;-
На память;Курара, 2006;жили;жить;VERB;-;множественное;прошедшее;-;-
На память;Курара, 2006;не;не;PRCL;-;-;-;-;-
На память;Курара, 2006;жили;жить;VERB;-;множественное;прошедшее;-;-
На память;Курара, 2006;все-таки;всё-таки;PRCL;-;-;-;-;-
На память;Курара, 2006;живы;живой;ADJS;-;множественное;-;-;краткая
На память;Курара, 2006;мы;мы;NPRO;-;-;-;-;-
На память;Курара, 2006;живы;живой;ADJS;-;множественное;-;-;краткая
На память;Курара, 2006;источник;источник;NOUN;именительный;единственное;-;-;-
На память;Курара, 2006;txtsong;txtsong;не определено;-;-;-;-;-
На память;Курара, 2006;ru;ru;не определено;-;-;-;-;-
На память;Курара, 2006;встречи-спирали;встреча-спираль;NOUN;родительный;единственное;-;-;-
На память;Курара, 2006;память;память;NOUN;винительный;единственное;-;-;-
На память;Курара, 2006;стирали;стирать;VERB;-;множественное;прошедшее;-;-
На память;Курара, 2006;всё-таки;всё-таки;PRCL;-;-;-;-;-
На память;Курара, 2006;мимо;мимо;PREP;-;-;-;-;-
На память;Курара, 2006;мимо;мимо;PREP;-;-;-;-;-
На память;Курара, 2006;мы;мы;NPRO;-;-;-;-;-
На память;Курара, 2006;затянутые;затянутый;ADJF;именительный;множественное;-;-;полная
На память;Курара, 2006;пьесы;пьеса;NOUN;родительный;единственное;-;-;-
На память;Курара, 2006;мы;мы;NPRO;-;-;-;-;-
На память;Курара, 2006;затасканные;затаскать;PRTF;именительный;множественное;прошедшее;-;-
На память;Курара, 2006;вещи;вещь;NOUN;винительный;множественное;-;-;-
На память;Курара, 2006;мы;мы;NPRO;-;-;-;-;-
На память;Курара, 2006;конце;конец;NOUN;предложный;единственное;-;-;-
На память;Курара, 2006;нам;мы;NPRO;-;-;-;-;-
На память;Курара, 2006;всё;всё;PRCL;-;-;-;-;-
На память;Курара, 2006;известно;известно;PRED;-;-;-;-;-
На память;Курара, 2006;честно;честно;ADVB;-;-;-;-;-
На память;Курара, 2006;мир;мир;NOUN;именительный;единственное;-;-;-
На память;Курара, 2006;валится;валиться;VERB;-;единственное;настоящее;3;-
На память;Курара, 2006;на;на;PREP;-;-;-;-;-
На память;Курара, 2006;пазлы;пазл;NOUN;именительный;множественное;-;-;-
На память;Курара, 2006;мы;мы;NPRO;-;-;-;-;-
На память;Курара, 2006;катимся;катиться;VERB;-;множественное;настоящее;1;-
На память;Курара, 2006;за;за;PREP;-;-;-;-;-
На память;Курара, 2006;сказкой;сказка;NOUN;творительный;единственное;-;-;-
На память;Курара, 2006;краски;краска;NOUN;родительный;единственное;-;-;-
На память;Курара, 2006;выцветут;выцвести;VERB;-;множественное;будущее;3;-
На память;Курара, 2006;книги;книга;NOUN;родительный;единственное;-;-;-
На память;Курара, 2006;выдадут;выдать;VERB;-;множественное;будущее;3;-
На память;Курара, 2006;тираж;тираж;NOUN;именительный;единственное;-;-;-
На память;Курара, 2006;не;не;PRCL;-;-;-;-;-
На память;Курара, 2006;нами;мы;NPRO;-;-;-;-;-
На память;Курара, 2006;на;на;PREP;-;-;-;-;-
На память;Курара, 2006;память;память;NOUN;винительный;единственное;-;-;-
На память;Курара, 2006;взмах;взмах;NOUN;именительный;единственное;-;-;-
На память;Курара, 2006;руки;рука;NOUN;винительный;множественное;-;-;-
На память;Курара, 2006;поехали;поехать;VERB;-;множественное;прошедшее;-;-
Друг друга;Курара, 2006;за;за;PREP;-;-;-;-;-
Друг друга;Курара, 2006;каждую;каждый;ADJF;винительный;единственное;-;-;полная
Друг друга;Курара, 2006;фразу;фраза;NOUN;винительный;единственное;-;-;-
Друг друга;Курара, 2006;за;за;PREP;-;-;-;-;-
Друг друга;Курара, 2006;каждые;каждый;ADJF;винительный;множественное;-;-;полная
Друг друга;Курара, 2006;грозы;гроза;NOUN;именительный;множественное;-;-;-
Друг друга;Курара, 2006;за;за;PREP;-;-;-;-;-
Друг друга;Курара, 2006;каждый;каждый;ADJF;винительный;единственное;-;-;полная
Друг друга;Курара, 2006;рассказ;рассказ;NOUN;именительный;единственное;-;-;-
Друг друга;Курара, 2006;за;за;PREP;-;-;-;-;-
Друг друга;Курара, 2006;наши;наш;ADJF;именительный;множественное;-;-;полная
Друг друга;Курара, 2006;березы;берёза;NOUN;именительный;множественное;-;-;-
Друг друга;Курара, 2006;за;за;PREP;-;-;-;-;-
Друг друга;Курара, 2006;их;они;NPRO;-;-;-;-;-
Друг друга;Курара, 2006;ананасы;ананас;NOUN;именительный;множественное;-;-;-
Друг друга;Курара, 2006;за;за;PREP;-;-;-;-;-
Друг друга;Курара, 2006;мой;мой;ADJF;именительный;единственное;-;-;полная
Друг друга;Курара, 2006;маракас;маракас;NOUN;именительный;единственное;-;-;-
Друг друга;Курара, 2006;летят;лететь;VERB;-;множественное;настоящее;3;-
Друг друга;Курара, 2006;паровозы;паровоз;NOUN;именительный;множественное;-;-;-
Друг друга;Курара, 2006;горят;гореть;VERB;-;множественное;настоящее;3;-
Друг друга;Курара, 2006;все;всё;PRCL;-;-;-;-;-
Друг друга;Курара, 2006;путевки;путёвка;NOUN;родительный;единственное;-;-;-
Друг друга;Курара, 2006;на;на;PREP;-;-;-;-;-
Друг друга;Курара, 2006;первый;первый;ADJF;именительный;единственное;-;-;полная
Друг друга;Курара, 2006;этаж;этаж;NOUN;винительный;единственное;-;-;-
Друг друга;Курара, 2006;ребята;ребята;NOUN;именительный;множественное;-;-;-
Друг друга;Курара, 2006;любите;любить;VERB;-;множественное;настоящее;2;-
Друг друга;Курара, 2006;друг;друг;NOUN;именительный;единственное;-;-;-
Друг друга;Курара, 2006;друга;друг;NOUN;родительный;единственное;-;-;-
Друг друга;Курара, 2006;мать;мать;NOUN;именительный;единственное;-;-;-
Друг друга;Курара, 2006;вашу;ваш;ADJF;винительный;единственное;-;-;полная
Друг друга;Курара, 2006;за;за;PREP;-;-;-;-;-
Друг друга;Курара, 2006;наши;наш;ADJF;именительный;множественное;-;-;полная
Друг друга;Курара, 2006;потуги;потуга;NOUN;именительный;множественное;-;-;-
Друг друга;Курара, 2006;за;за;PREP;-;-;-;-;-
Друг друга;Курара, 2006;подвиги;подвиг;NOUN;винительный;множественное;-;-;-
Друг друга;Курара, 2006;наши;наш;ADJF;именительный;множественное;-;-;полная
Друг друга;Курара, 2006;за;за;PREP;-;-;-;-;-
Друг друга;Курара, 2006;первые;первый;ADJF;именительный;множественное;-;-;полная
Друг друга;Курара, 2006;встречи;встреча;NOUN;родительный;единственное;-;-;-
Друг друга;Курара, 2006;на;на;PREP;-;-;-;-;-
Друг друга;Курара, 2006;первые;первый;ADJF;именительный;множественное;-;-;полная
Друг друга;Курара, 2006;плечи;плечо;NOUN;винительный;множественное;-;-;-
Друг друга;Курара, 2006;наколоты;наколоть;PRTS;-;множественное;прошедшее;-;-
Друг друга;Курара, 2006;танцы;танец;NOUN;именительный;множественное;-;-;-
Друг друга;Курара, 2006;во-первых;во-первых;CONJ;-;-;-;-;-
Друг друга;Курара, 2006;зажечься;зажечься;INFN;-;-;-;-;-
Друг друга;Курара, 2006;в-десятых;в-десятых;CONJ;-;-;-;-;-
Друг друга;Курара, 2006;остаться;остаться;INFN;-;-;-;-;-
Друг друга;Курара, 2006;последним;последний;ADJF;творительный;единственное;-;-;полная
Друг друга;Курара, 2006;засранцем;засранец;NOUN;творительный;единственное;-;-;-
Друг друга;Курара, 2006;летят;лететь;VERB;-;множественное;настоящее;3;-
Друг друга;Курара, 2006;пароходы;пароход;NOUN;винительный;множественное;-;-;-
Друг друга;Курара, 2006;найден;найти;PRTS;-;единственное;прошедшее;-;-
Друг друга;Курара, 2006;багажнике;багажник;NOUN;предложный;единственное;-;-;-
Друг друга;Курара, 2006;труп;труп;NOUN;именительный;единственное;-;-;-
Друг друга;Курара, 2006;капитанши;капитанша;NOUN;родительный;единственное;-;-;-
Друг друга;Курара, 2006;ребята;ребята;NOUN;именительный;множественное;-;-;-
Друг друга;Курара, 2006;любите;любить;VERB;-;множественное;настоящее;2;-
Друг друга;Курара, 2006;друг;друг;NOUN;именительный;единственное;-;-;-
Друг друга;Курара, 2006;друга;друг;NOUN;родительный;единственное;-;-;-
Друг друга;Курара, 2006;мать;мать;NOUN;именительный;единственное;-;-;-
Друг друга;Курара, 2006;вашу;ваш;ADJF;винительный;единственное;-;-;полная
Друг друга;Курара, 2006;за;за;PREP;-;-;-;-;-
Друг друга;Курара, 2006;наши;наш;ADJF;именительный;множественное;-;-;полная
Друг друга;Курара, 2006;потуги;потуга;NOUN;именительный;множественное;-;-;-
Друг друга;Курара, 2006;за;за;PREP;-;-;-;-;-
Друг друга;Курара, 2006;подвиги;подвиг;NOUN;винительный;множественное;-;-;-
Друг друга;Курара, 2006;наши;наш;ADJF;именительный;множественное;-;-;полная
Друг друга;Курара, 2006;за;за;PREP;-;-;-;-;-
Друг друга;Курара, 2006;наши;наш;ADJF;именительный;множественное;-;-;полная
Друг друга;Курара, 2006;моменты;момент;NOUN;винительный;множественное;-;-;-
Друг друга;Курара, 2006;за;за;PREP;-;-;-;-;-
Друг друга;Курара, 2006;наши;наш;ADJF;именительный;множественное;-;-;полная
Друг друга;Курара, 2006;фрагменты;фрагмент;NOUN;именительный;множественное;-;-;-
Друг друга;Курара, 2006;на;на;PREP;-;-;-;-;-
Друг друга;Курара, 2006;порванной;порвать;PRTF;родительный;единственное;прошедшее;-;-
Друг друга;Курара, 2006;пленке;плёнка;NOUN;предложный;единственное;-;-;-
Друг друга;Курара, 2006;его;он;NPRO;-;-;-;-;-
Друг друга;Курара, 2006;алименты;алименты;NOUN;винительный;множественное;-;-;-
Друг друга;Курара, 2006;её;её;ADJF;родительный;единственное;-;-;полная
Друг друга;Курара, 2006;сыновья;сын;NOUN;именительный;множественное;-;-;-
Друг друга;Курара, 2006;разменяли;разменять;VERB;-;множественное;прошедшее;-;-
Друг друга;Курара, 2006;пеленки;пелёнка;NOUN;родительный;единственное;-;-;-
Друг друга;Курара, 2006;летят;лететь;VERB;-;множественное;настоящее;3;-
Друг друга;Курара, 2006;самолеты;самолёт;NOUN;именительный;множественное;-;-;-
Друг друга;Курара, 2006;врывается;врываться;VERB;-;единственное;настоящее;3;-
Друг друга;Курара, 2006;ветер;ветер;NOUN;именительный;единственное;-;-;-
Друг друга;Курара, 2006;пустой;пустой;ADJF;творительный;единственное;-;-;полная
Друг друга;Курара, 2006;экипаж;экипаж;NOUN;именительный;единственное;-;-;-
Друг друга;Курара, 2006;ребята;ребята;NOUN;именительный;множественное;-;-;-
Друг друга;Курара, 2006;любите;любить;VERB;-;множественное;настоящее;2;-
Друг друга;Курара, 2006;друг;друг;NOUN;именительный;единственное;-;-;-
Друг друга;Курара, 2006;друга;друг;NOUN;родительный;единственное;-;-;-
Друг друга;Курара, 2006;мать;мать;NOUN;именительный;единственное;-;-;-
Друг друга;Курара, 2006;вашу;ваш;ADJF;винительный;единственное;-;-;полная
Друг друга;Курара, 2006;за;за;PREP;-;-;-;-;-
Друг друга;Курара, 2006;наши;наш;ADJF;именительный;множественное;-;-;полная
Друг друга;Курара, 2006;потуги;потуга;NOUN;именительный;множественное;-;-;-
Друг друга;Курара, 2006;за;за;PREP;-;-;-;-;-
Друг друга;Курара, 2006;подвиги;подвиг;NOUN;винительный;множественное;-;-;-
Друг друга;Курара, 2006;наши;наш;ADJF;именительный;множественное;-;-;полная
